# WHO growth reference table, vendored for PoshanNetra AI (Section 6.4).
# source_url: https://cdn.who.int/media/docs/default-source/child-growth/child-growth-standards/indicators/weight-for-length-height/expanded-tables/wfh-girls-zscore-expanded-tables.xlsx
# retrieved: 2026-08-28
# sha256(source_xlsx): fca340d5f04aa1556ac410b176b65b290e1b9ff467fc854a97f9b54ad94c9b8a
# key column 'Height' is in cms; rows: 551
# sd* columns are WHO's OWN published cut-offs, kept only so the test
# suite can prove our LMS implementation reproduces them exactly.
key,l,m,s,sd3neg,sd2neg,sd2pos,sd3pos
65,-0.3833,7.2402,0.09113,5.583,6.071,8.746,9.664
65.1,-0.3833,7.2627,0.09112,5.6,6.09,8.773,9.694
65.2,-0.3833,7.2852,0.09111,5.618,6.109,8.8,9.724
65.3,-0.3833,7.3076,0.0911,5.635,6.128,8.827,9.753
65.4,-0.3833,7.33,0.09109,5.652,6.146,8.854,9.783
65.5,-0.3833,7.3523,0.09109,5.67,6.165,8.881,9.813
65.6,-0.3833,7.3745,0.09108,5.687,6.184,8.907,9.842
65.7,-0.3833,7.3967,0.09107,5.704,6.203,8.934,9.871
65.8,-0.3833,7.4189,0.09106,5.721,6.221,8.96,9.901
65.9,-0.3833,7.441,0.09105,5.739,6.24,8.987,9.93
66,-0.3833,7.463,0.09104,5.756,6.259,9.013,9.959
66.1,-0.3833,7.485,0.09103,5.773,6.277,9.04,9.988
66.2,-0.3833,7.5069,0.09102,5.79,6.296,9.066,10.017
66.3,-0.3833,7.5288,0.09101,5.807,6.314,9.092,10.046
66.4,-0.3833,7.5507,0.091,5.824,6.333,9.118,10.074
66.5,-0.3833,7.5724,0.09099,5.841,6.351,9.144,10.103
66.6,-0.3833,7.5942,0.09098,5.858,6.369,9.171,10.132
66.7,-0.3833,7.6158,0.09097,5.875,6.388,9.196,10.16
66.8,-0.3833,7.6375,0.09096,5.892,6.406,9.222,10.189
66.9,-0.3833,7.659,0.09095,5.908,6.424,9.248,10.217
67,-0.3833,7.6806,0.09094,5.925,6.442,9.274,10.246
67.1,-0.3833,7.702,0.09093,5.942,6.46,9.3,10.274
67.2,-0.3833,7.7234,0.09091,5.959,6.479,9.325,10.302
67.3,-0.3833,7.7448,0.0909,5.975,6.497,9.351,10.33
67.4,-0.3833,7.7661,0.09089,5.992,6.515,9.376,10.358
67.5,-0.3833,7.7874,0.09088,6.009,6.533,9.402,10.386
67.6,-0.3833,7.8086,0.09087,6.025,6.55,9.427,10.414
67.7,-0.3833,7.8298,0.09086,6.042,6.568,9.453,10.442
67.8,-0.3833,7.8509,0.09085,6.058,6.586,9.478,10.47
67.9,-0.3833,7.872,0.09084,6.075,6.604,9.503,10.498
68,-0.3833,7.893,0.09083,6.091,6.622,9.528,10.525
68.1,-0.3833,7.914,0.09082,6.107,6.64,9.553,10.553
68.2,-0.3833,7.935,0.0908,6.124,6.657,9.578,10.58
68.3,-0.3833,7.9559,0.09079,6.14,6.675,9.603,10.608
68.4,-0.3833,7.9768,0.09078,6.156,6.693,9.628,10.635
68.5,-0.3833,7.9976,0.09077,6.173,6.71,9.653,10.663
68.6,-0.3833,8.0184,0.09076,6.189,6.728,9.678,10.69
68.7,-0.3833,8.0392,0.09075,6.205,6.745,9.703,10.717
68.8,-0.3833,8.0599,0.09074,6.221,6.763,9.728,10.745
68.9,-0.3833,8.0806,0.09072,6.238,6.781,9.753,10.771
69,-0.3833,8.1012,0.09071,6.254,6.798,9.777,10.798
69.1,-0.3833,8.1218,0.0907,6.27,6.815,9.802,10.826
69.2,-0.3833,8.1424,0.09069,6.286,6.833,9.826,10.853
69.3,-0.3833,8.163,0.09068,6.302,6.85,9.851,10.88
69.4,-0.3833,8.1835,0.09067,6.318,6.868,9.876,10.907
69.5,-0.3833,8.2039,0.09065,6.334,6.885,9.9,10.933
69.6,-0.3833,8.2244,0.09064,6.35,6.902,9.924,10.96
69.7,-0.3833,8.2448,0.09063,6.366,6.919,9.949,10.987
69.8,-0.3833,8.2651,0.09062,6.382,6.937,9.973,11.014
69.9,-0.3833,8.2855,0.09061,6.398,6.954,9.997,11.04
70,-0.3833,8.3058,0.09059,6.414,6.971,10.021,11.067
70.1,-0.3833,8.3261,0.09058,6.429,6.988,10.046,11.093
70.2,-0.3833,8.3464,0.09057,6.445,7.006,10.07,11.12
70.3,-0.3833,8.3666,0.09056,6.461,7.023,10.094,11.147
70.4,-0.3833,8.3869,0.09055,6.477,7.04,10.118,11.173
70.5,-0.3833,8.4071,0.09053,6.493,7.057,10.142,11.199
70.6,-0.3833,8.4273,0.09052,6.509,7.074,10.167,11.226
70.7,-0.3833,8.4474,0.09051,6.524,7.091,10.191,11.252
70.8,-0.3833,8.4676,0.0905,6.54,7.108,10.215,11.279
70.9,-0.3833,8.4877,0.09048,6.556,7.125,10.239,11.305
71,-0.3833,8.5078,0.09047,6.572,7.142,10.263,11.331
71.1,-0.3833,8.5278,0.09046,6.587,7.159,10.286,11.358
71.2,-0.3833,8.5479,0.09045,6.603,7.176,10.311,11.384
71.3,-0.3833,8.5679,0.09043,6.619,7.193,10.334,11.41
71.4,-0.3833,8.5879,0.09042,6.635,7.21,10.358,11.436
71.5,-0.3833,8.6078,0.09041,6.65,7.227,10.382,11.462
71.6,-0.3833,8.6277,0.0904,6.666,7.244,10.406,11.488
71.7,-0.3833,8.6476,0.09039,6.681,7.261,10.429,11.514
71.8,-0.3833,8.6674,0.09037,6.697,7.278,10.453,11.54
71.9,-0.3833,8.6872,0.09036,6.712,7.294,10.477,11.566
72,-0.3833,8.707,0.09035,6.728,7.311,10.5,11.592
72.1,-0.3833,8.7267,0.09034,6.743,7.328,10.524,11.618
72.2,-0.3833,8.7464,0.09032,6.759,7.345,10.547,11.643
72.3,-0.3833,8.7661,0.09031,6.774,7.361,10.571,11.669
72.4,-0.3833,8.7857,0.0903,6.79,7.378,10.594,11.695
72.5,-0.3833,8.8053,0.09028,6.805,7.395,10.617,11.72
72.6,-0.3833,8.8248,0.09027,6.82,7.411,10.64,11.746
72.7,-0.3833,8.8443,0.09026,6.836,7.428,10.664,11.771
72.8,-0.3833,8.8638,0.09025,6.851,7.444,10.687,11.797
72.9,-0.3833,8.8831,0.09023,6.866,7.461,10.71,11.822
73,-0.3833,8.9025,0.09022,6.881,7.477,10.733,11.847
73.1,-0.3833,8.9217,0.09021,6.896,7.493,10.756,11.872
73.2,-0.3833,8.941,0.0902,6.911,7.51,10.779,11.898
73.3,-0.3833,8.9601,0.09018,6.927,7.526,10.801,11.922
73.4,-0.3833,8.9792,0.09017,6.942,7.542,10.824,11.947
73.5,-0.3833,8.9983,0.09016,6.957,7.559,10.847,11.972
73.6,-0.3833,9.0173,0.09014,6.972,7.575,10.869,11.997
73.7,-0.3833,9.0363,0.09013,6.986,7.591,10.892,12.022
73.8,-0.3833,9.0552,0.09012,7.001,7.607,10.915,12.046
73.9,-0.3833,9.074,0.09011,7.016,7.623,10.937,12.071
74,-0.3833,9.0928,0.09009,7.031,7.639,10.959,12.095
74.1,-0.3833,9.1116,0.09008,7.046,7.655,10.982,12.12
74.2,-0.3833,9.1303,0.09007,7.06,7.671,11.004,12.144
74.3,-0.3833,9.149,0.09005,7.075,7.687,11.026,12.168
74.4,-0.3833,9.1676,0.09004,7.09,7.702,11.048,12.193
74.5,-0.3833,9.1862,0.09003,7.104,7.718,11.07,12.217
74.6,-0.3833,9.2048,0.09001,7.119,7.734,11.092,12.241
74.7,-0.3833,9.2233,0.09,7.134,7.75,11.114,12.265
74.8,-0.3833,9.2418,0.08999,7.148,7.766,11.136,12.289
74.9,-0.3833,9.2602,0.08997,7.163,7.781,11.158,12.313
75,-0.3833,9.2786,0.08996,7.177,7.797,11.18,12.337
75.1,-0.3833,9.297,0.08995,7.192,7.812,11.202,12.361
75.2,-0.3833,9.3154,0.08993,7.206,7.828,11.224,12.385
75.3,-0.3833,9.3337,0.08992,7.221,7.844,11.246,12.408
75.4,-0.3833,9.352,0.08991,7.235,7.859,11.267,12.432
75.5,-0.3833,9.3703,0.08989,7.249,7.875,11.289,12.456
75.6,-0.3833,9.3886,0.08988,7.264,7.89,11.311,12.48
75.7,-0.3833,9.4069,0.08987,7.278,7.906,11.333,12.504
75.8,-0.3833,9.4252,0.08985,7.293,7.922,11.354,12.527
75.9,-0.3833,9.4435,0.08984,7.307,7.937,11.376,12.551
76,-0.3833,9.4617,0.08983,7.321,7.953,11.398,12.575
76.1,-0.3833,9.48,0.08981,7.336,7.968,11.419,12.598
76.2,-0.3833,9.4983,0.0898,7.35,7.984,11.441,12.622
76.3,-0.3833,9.5166,0.08979,7.365,7.999,11.463,12.646
76.4,-0.3833,9.535,0.08977,7.379,8.015,11.484,12.67
76.5,-0.3833,9.5533,0.08976,7.394,8.031,11.506,12.694
76.6,-0.3833,9.5717,0.08975,7.408,8.046,11.528,12.718
76.7,-0.3833,9.5901,0.08973,7.423,8.062,11.55,12.741
76.8,-0.3833,9.6086,0.08972,7.437,8.078,11.572,12.765
76.9,-0.3833,9.6271,0.08971,7.452,8.094,11.594,12.79
77,-0.3833,9.6456,0.08969,7.466,8.109,11.616,12.813
77.1,-0.3833,9.6642,0.08968,7.481,8.125,11.638,12.838
77.2,-0.3833,9.6828,0.08966,7.496,8.141,11.66,12.861
77.3,-0.3833,9.7015,0.08965,7.511,8.157,11.682,12.886
77.4,-0.3833,9.7202,0.08964,7.525,8.173,11.704,12.91
77.5,-0.3833,9.739,0.08963,7.54,8.189,11.727,12.935
77.6,-0.3833,9.7578,0.08961,7.555,8.205,11.749,12.959
77.7,-0.3833,9.7767,0.0896,7.57,8.221,11.771,12.984
77.8,-0.3833,9.7957,0.08959,7.585,8.237,11.794,13.008
77.9,-0.3833,9.8147,0.08957,7.6,8.253,11.816,13.033
78,-0.3833,9.8338,0.08956,7.615,8.27,11.839,13.058
78.1,-0.3833,9.853,0.08955,7.63,8.286,11.862,13.083
78.2,-0.3833,9.8722,0.08953,7.645,8.302,11.884,13.107
78.3,-0.3833,9.8915,0.08952,7.66,8.319,11.907,13.132
78.4,-0.3833,9.9109,0.08951,7.676,8.335,11.93,13.158
78.5,-0.3833,9.9303,0.0895,7.691,8.352,11.954,13.183
78.6,-0.3833,9.9499,0.08948,7.706,8.368,11.977,13.208
78.7,-0.3833,9.9695,0.08947,7.722,8.385,12,13.234
78.8,-0.3833,9.9892,0.08946,7.737,8.402,12.023,13.26
78.9,-0.3833,10.009,0.08945,7.753,8.419,12.047,13.285
79,-0.3833,10.0289,0.08943,7.769,8.436,12.07,13.311
79.1,-0.3833,10.0489,0.08942,7.784,8.453,12.094,13.337
79.2,-0.3833,10.069,0.08941,7.8,8.47,12.118,13.363
79.3,-0.3833,10.0891,0.0894,7.816,8.487,12.142,13.389
79.4,-0.3833,10.1094,0.08939,7.832,8.504,12.166,13.416
79.5,-0.3833,10.1298,0.08937,7.848,8.522,12.19,13.442
79.6,-0.3833,10.1503,0.08936,7.864,8.539,12.215,13.469
79.7,-0.3833,10.1709,0.08935,7.88,8.556,12.239,13.496
79.8,-0.3833,10.1916,0.08934,7.897,8.574,12.264,13.523
79.9,-0.3833,10.2123,0.08933,7.913,8.592,12.289,13.55
80,-0.3833,10.2332,0.08932,7.929,8.609,12.313,13.577
80.1,-0.3833,10.2542,0.0893,7.946,8.627,12.338,13.604
80.2,-0.3833,10.2753,0.08929,7.963,8.645,12.363,13.632
80.3,-0.3833,10.2965,0.08928,7.979,8.663,12.388,13.659
80.4,-0.3833,10.3178,0.08927,7.996,8.681,12.414,13.687
80.5,-0.3833,10.3393,0.08926,8.013,8.7,12.439,13.715
80.6,-0.3833,10.3608,0.08925,8.03,8.718,12.465,13.743
80.7,-0.3833,10.3824,0.08924,8.047,8.736,12.491,13.771
80.8,-0.3833,10.4041,0.08923,8.064,8.755,12.517,13.8
80.9,-0.3833,10.4258,0.08922,8.081,8.773,12.542,13.828
81,-0.3833,10.4477,0.08921,8.098,8.792,12.569,13.857
81.1,-0.3833,10.4697,0.0892,8.115,8.81,12.595,13.885
81.2,-0.3833,10.4918,0.08919,8.133,8.829,12.621,13.914
81.3,-0.3833,10.514,0.08918,8.15,8.848,12.647,13.943
81.4,-0.3833,10.5363,0.08917,8.167,8.867,12.674,13.972
81.5,-0.3833,10.5586,0.08916,8.185,8.886,12.701,14.001
81.6,-0.3833,10.5811,0.08915,8.203,8.905,12.727,14.031
81.7,-0.3833,10.6037,0.08915,8.22,8.924,12.755,14.061
81.8,-0.3833,10.6263,0.08914,8.238,8.943,12.781,14.09
81.9,-0.3833,10.6491,0.08913,8.256,8.962,12.809,14.12
82,-0.3833,10.6719,0.08912,8.274,8.982,12.836,14.15
82.1,-0.3833,10.6948,0.08911,8.292,9.001,12.863,14.18
82.2,-0.3833,10.7178,0.0891,8.31,9.021,12.89,14.21
82.3,-0.3833,10.741,0.0891,8.328,9.04,12.918,14.24
82.4,-0.3833,10.7641,0.08909,8.346,9.06,12.946,14.27
82.5,-0.3833,10.7874,0.08908,8.364,9.08,12.974,14.301
82.6,-0.3833,10.8108,0.08907,8.383,9.1,13.001,14.331
82.7,-0.3833,10.8343,0.08907,8.401,9.119,13.03,14.363
82.8,-0.3833,10.8578,0.08906,8.419,9.139,13.058,14.393
82.9,-0.3833,10.8814,0.08905,8.438,9.159,13.086,14.424
83,-0.3833,10.9051,0.08905,8.456,9.179,13.114,14.455
83.1,-0.3833,10.9289,0.08904,8.475,9.199,13.143,14.486
83.2,-0.3833,10.9527,0.08903,8.493,9.22,13.171,14.518
83.3,-0.3833,10.9767,0.08903,8.512,9.24,13.2,14.549
83.4,-0.3833,11.0007,0.08902,8.531,9.26,13.228,14.581
83.5,-0.3833,11.0248,0.08902,8.55,9.281,13.257,14.613
83.6,-0.3833,11.0489,0.08901,8.569,9.301,13.286,14.644
83.7,-0.3833,11.0731,0.08901,8.587,9.321,13.315,14.676
83.8,-0.3833,11.0974,0.089,8.606,9.342,13.344,14.708
83.9,-0.3833,11.1218,0.089,8.625,9.363,13.373,14.74
84,-0.3833,11.1462,0.08899,8.644,9.383,13.402,14.772
84.1,-0.3833,11.1707,0.08899,8.663,9.404,13.432,14.805
84.2,-0.3833,11.1952,0.08899,8.682,9.425,13.461,14.837
84.3,-0.3833,11.2198,0.08898,8.702,9.445,13.491,14.869
84.4,-0.3833,11.2444,0.08898,8.721,9.466,13.52,14.902
84.5,-0.3833,11.2691,0.08897,8.74,9.487,13.55,14.934
84.6,-0.3833,11.2939,0.08897,8.76,9.508,13.58,14.967
84.7,-0.3833,11.3187,0.08897,8.779,9.529,13.609,15
84.8,-0.3833,11.3435,0.08897,8.798,9.55,13.639,15.033
84.9,-0.3833,11.3684,0.08896,8.818,9.571,13.669,15.065
85,-0.3833,11.3934,0.08896,8.837,9.592,13.699,15.098
85.1,-0.3833,11.4183,0.08896,8.856,9.613,13.729,15.131
85.2,-0.3833,11.4434,0.08896,8.876,9.634,13.759,15.164
85.3,-0.3833,11.4684,0.08895,8.895,9.655,13.789,15.197
85.4,-0.3833,11.4935,0.08895,8.915,9.676,13.819,15.23
85.5,-0.3833,11.5186,0.08895,8.934,9.697,13.849,15.264
85.6,-0.3833,11.5437,0.08895,8.954,9.719,13.879,15.297
85.7,-0.3833,11.5689,0.08895,8.973,9.74,13.91,15.33
85.8,-0.3833,11.594,0.08895,8.993,9.761,13.94,15.363
85.9,-0.3833,11.6192,0.08895,9.012,9.782,13.97,15.397
86,-0.3833,11.6444,0.08895,9.032,9.803,14,15.43
86.1,-0.3833,11.6696,0.08895,9.051,9.825,14.031,15.464
86.2,-0.3833,11.6948,0.08895,9.071,9.846,14.061,15.497
86.3,-0.3833,11.7201,0.08895,9.091,9.867,14.091,15.531
86.4,-0.3833,11.7453,0.08895,9.11,9.888,14.122,15.564
86.5,-0.3833,11.7705,0.08895,9.13,9.91,14.152,15.597
86.6,-0.3833,11.7957,0.08895,9.149,9.931,14.182,15.631
86.7,-0.3833,11.8209,0.08895,9.169,9.952,14.213,15.664
86.8,-0.3833,11.8461,0.08895,9.188,9.973,14.243,15.698
86.9,-0.3833,11.8713,0.08896,9.208,9.994,14.273,15.731
87,-0.3833,11.8965,0.08896,9.227,10.015,14.304,15.765
87.1,-0.3833,11.9217,0.08896,9.247,10.037,14.334,15.798
87.2,-0.3833,11.9468,0.08896,9.266,10.058,14.364,15.832
87.3,-0.3833,11.972,0.08896,9.286,10.079,14.395,15.865
87.4,-0.3833,11.9971,0.08897,9.305,10.1,14.425,15.899
87.5,-0.3833,12.0223,0.08897,9.324,10.121,14.455,15.932
87.6,-0.3833,12.0474,0.08897,9.344,10.142,14.485,15.965
87.7,-0.3833,12.0725,0.08898,9.363,10.163,14.516,15.999
87.8,-0.3833,12.0976,0.08898,9.383,10.184,14.546,16.032
87.9,-0.3833,12.1227,0.08898,9.402,10.205,14.576,16.066
88,-0.3833,12.1478,0.08899,9.421,10.226,14.607,16.099
88.1,-0.3833,12.1728,0.08899,9.441,10.247,14.637,16.133
88.2,-0.3833,12.1978,0.089,9.46,10.268,14.667,16.166
88.3,-0.3833,12.2229,0.089,9.479,10.289,14.697,16.2
88.4,-0.3833,12.2479,0.08901,9.498,10.31,14.728,16.233
88.5,-0.3833,12.2729,0.08901,9.518,10.331,14.758,16.266
88.6,-0.3833,12.2978,0.08902,9.537,10.352,14.788,16.3
88.7,-0.3833,12.3228,0.08902,9.556,10.373,14.818,16.333
88.8,-0.3833,12.3477,0.08903,9.575,10.394,14.848,16.367
88.9,-0.3833,12.3727,0.08903,9.595,10.415,14.879,16.4
89,-0.3833,12.3976,0.08904,9.614,10.436,14.909,16.433
89.1,-0.3833,12.4225,0.08904,9.633,10.457,14.939,16.466
89.2,-0.3833,12.4474,0.08905,9.652,10.477,14.969,16.5
89.3,-0.3833,12.4723,0.08906,9.671,10.498,14.999,16.533
89.4,-0.3833,12.4971,0.08906,9.69,10.519,15.029,16.566
89.5,-0.3833,12.522,0.08907,9.709,10.54,15.059,16.6
89.6,-0.3833,12.5468,0.08908,9.728,10.561,15.09,16.633
89.7,-0.3833,12.5717,0.08909,9.747,10.581,15.12,16.667
89.8,-0.3833,12.5965,0.08909,9.767,10.602,15.15,16.7
89.9,-0.3833,12.6213,0.0891,9.786,10.623,15.18,16.733
90,-0.3833,12.6461,0.08911,9.805,10.644,15.21,16.767
90.1,-0.3833,12.6709,0.08912,9.824,10.664,15.24,16.8
90.2,-0.3833,12.6957,0.08912,9.843,10.685,15.27,16.833
90.3,-0.3833,12.7205,0.08913,9.862,10.706,15.3,16.866
90.4,-0.3833,12.7453,0.08914,9.881,10.726,15.33,16.9
90.5,-0.3833,12.77,0.08915,9.9,10.747,15.36,16.933
90.6,-0.3833,12.7948,0.08916,9.918,10.768,15.39,16.967
90.7,-0.3833,12.8196,0.08917,9.937,10.788,15.421,17
90.8,-0.3833,12.8443,0.08918,9.956,10.809,15.451,17.033
90.9,-0.3833,12.8691,0.08919,9.975,10.83,15.481,17.067
91,-0.3833,12.8939,0.0892,9.994,10.85,15.511,17.1
91.1,-0.3833,12.9186,0.08921,10.013,10.871,15.541,17.134
91.2,-0.3833,12.9434,0.08922,10.032,10.892,15.571,17.167
91.3,-0.3833,12.9681,0.08923,10.051,10.912,15.601,17.2
91.4,-0.3833,12.9929,0.08924,10.07,10.933,15.631,17.234
91.5,-0.3833,13.0177,0.08925,10.089,10.953,15.662,17.267
91.6,-0.3833,13.0424,0.08926,10.108,10.974,15.692,17.301
91.7,-0.3833,13.0672,0.08927,10.127,10.995,15.722,17.334
91.8,-0.3833,13.092,0.08928,10.146,11.015,15.752,17.368
91.9,-0.3833,13.1167,0.0893,10.164,11.036,15.782,17.402
92,-0.3833,13.1415,0.08931,10.183,11.056,15.813,17.435
92.1,-0.3833,13.1663,0.08932,10.202,11.077,15.843,17.469
92.2,-0.3833,13.1911,0.08933,10.221,11.098,15.873,17.502
92.3,-0.3833,13.2158,0.08934,10.24,11.118,15.903,17.535
92.4,-0.3833,13.2406,0.08936,10.258,11.139,15.934,17.569
92.5,-0.3833,13.2654,0.08937,10.277,11.159,15.964,17.603
92.6,-0.3833,13.2902,0.08938,10.296,11.18,15.994,17.636
92.7,-0.3833,13.3151,0.0894,10.315,11.201,16.025,17.671
92.8,-0.3833,13.3399,0.08941,10.334,11.221,16.055,17.704
92.9,-0.3833,13.3647,0.08942,10.353,11.242,16.085,17.738
93,-0.3833,13.3896,0.08944,10.372,11.262,16.116,17.772
93.1,-0.3833,13.4145,0.08945,10.391,11.283,16.146,17.806
93.2,-0.3833,13.4394,0.08947,10.409,11.304,16.177,17.84
93.3,-0.3833,13.4643,0.08948,10.428,11.324,16.207,17.873
93.4,-0.3833,13.4892,0.08949,10.447,11.345,16.237,17.907
93.5,-0.3833,13.5142,0.08951,10.466,11.366,16.268,17.942
93.6,-0.3833,13.5391,0.08952,10.485,11.386,16.298,17.975
93.7,-0.3833,13.5641,0.08954,10.504,11.407,16.329,18.01
93.8,-0.3833,13.5892,0.08955,10.523,11.428,16.36,18.044
93.9,-0.3833,13.6142,0.08957,10.542,11.448,16.39,18.078
94,-0.3833,13.6393,0.08959,10.561,11.469,16.421,18.112
94.1,-0.3833,13.6644,0.0896,10.58,11.49,16.452,18.146
94.2,-0.3833,13.6895,0.08962,10.599,11.511,16.483,18.181
94.3,-0.3833,13.7146,0.08963,10.618,11.532,16.513,18.215
94.4,-0.3833,13.7398,0.08965,10.637,11.552,16.545,18.25
94.5,-0.3833,13.765,0.08967,10.656,11.573,16.576,18.284
94.6,-0.3833,13.7902,0.08968,10.675,11.594,16.606,18.318
94.7,-0.3833,13.8155,0.0897,10.694,11.615,16.637,18.353
94.8,-0.3833,13.8408,0.08972,10.713,11.636,16.669,18.388
94.9,-0.3833,13.8661,0.08974,10.732,11.657,16.7,18.423
95,-0.3833,13.8914,0.08975,10.751,11.678,16.731,18.457
95.1,-0.3833,13.9168,0.08977,10.77,11.699,16.762,18.492
95.2,-0.3833,13.9422,0.08979,10.789,11.719,16.793,18.527
95.3,-0.3833,13.9676,0.08981,10.809,11.74,16.825,18.562
95.4,-0.3833,13.9931,0.08983,10.828,11.761,16.856,18.597
95.5,-0.3833,14.0186,0.08984,10.847,11.783,16.887,18.632
95.6,-0.3833,14.0441,0.08986,10.866,11.804,16.919,18.667
95.7,-0.3833,14.0697,0.08988,10.885,11.825,16.95,18.702
95.8,-0.3833,14.0953,0.0899,10.905,11.846,16.982,18.737
95.9,-0.3833,14.1209,0.08992,10.924,11.867,17.013,18.773
96,-0.3833,14.1466,0.08994,10.943,11.888,17.045,18.808
96.1,-0.3833,14.1724,0.08996,10.963,11.909,17.077,18.844
96.2,-0.3833,14.1981,0.08998,10.982,11.93,17.109,18.879
96.3,-0.3833,14.2239,0.09,11.001,11.952,17.14,18.915
96.4,-0.3833,14.2498,0.09002,11.021,11.973,17.172,18.95
96.5,-0.3833,14.2757,0.09004,11.04,11.994,17.204,18.986
96.6,-0.3833,14.3016,0.09006,11.059,12.015,17.236,19.022
96.7,-0.3833,14.3276,0.09008,11.079,12.037,17.268,19.058
96.8,-0.3833,14.3537,0.0901,11.099,12.058,17.3,19.094
96.9,-0.3833,14.3798,0.09012,11.118,12.08,17.333,19.13
97,-0.3833,14.4059,0.09015,11.137,12.101,17.365,19.166
97.1,-0.3833,14.4321,0.09017,11.157,12.123,17.398,19.203
97.2,-0.3833,14.4584,0.09019,11.177,12.144,17.43,19.239
97.3,-0.3833,14.4848,0.09021,11.197,12.166,17.463,19.275
97.4,-0.3833,14.5112,0.09023,11.216,12.188,17.495,19.312
97.5,-0.3833,14.5376,0.09026,11.236,12.209,17.528,19.349
97.6,-0.3833,14.5642,0.09028,11.256,12.231,17.561,19.385
97.7,-0.3833,14.5908,0.0903,11.276,12.253,17.594,19.422
97.8,-0.3833,14.6174,0.09033,11.295,12.275,17.627,19.459
97.9,-0.3833,14.6442,0.09035,11.315,12.297,17.66,19.496
98,-0.3833,14.671,0.09037,11.336,12.319,17.693,19.533
98.1,-0.3833,14.6979,0.0904,11.355,12.341,17.727,19.571
98.2,-0.3833,14.7248,0.09042,11.376,12.363,17.76,19.608
98.3,-0.3833,14.7519,0.09044,11.396,12.385,17.793,19.646
98.4,-0.3833,14.779,0.09047,11.416,12.407,17.827,19.684
98.5,-0.3833,14.8062,0.09049,11.436,12.429,17.861,19.721
98.6,-0.3833,14.8334,0.09052,11.456,12.452,17.895,19.76
98.7,-0.3833,14.8608,0.09054,11.477,12.474,17.929,19.797
98.8,-0.3833,14.8882,0.09057,11.497,12.496,17.963,19.836
98.9,-0.3833,14.9157,0.09059,11.518,12.519,17.997,19.874
99,-0.3833,14.9434,0.09062,11.538,12.542,18.031,19.913
99.1,-0.3833,14.9711,0.09064,11.559,12.564,18.066,19.951
99.2,-0.3833,14.9989,0.09067,11.579,12.587,18.1,19.99
99.3,-0.3833,15.0267,0.09069,11.6,12.61,18.135,20.028
99.4,-0.3833,15.0547,0.09072,11.621,12.633,18.17,20.068
99.5,-0.3833,15.0828,0.09075,11.642,12.655,18.205,20.107
99.6,-0.3833,15.1109,0.09077,11.663,12.679,18.239,20.146
99.7,-0.3833,15.1392,0.0908,11.684,12.702,18.275,20.186
99.8,-0.3833,15.1676,0.09083,11.705,12.725,18.31,20.226
99.9,-0.3833,15.196,0.09085,11.726,12.748,18.345,20.265
100,-0.3833,15.2246,0.09088,11.747,12.771,18.381,20.305
100.1,-0.3833,15.2532,0.09091,11.768,12.795,18.417,20.345
100.2,-0.3833,15.2819,0.09093,11.79,12.818,18.452,20.385
100.3,-0.3833,15.3108,0.09096,11.811,12.842,18.488,20.426
100.4,-0.3833,15.3397,0.09099,11.832,12.865,18.524,20.466
100.5,-0.3833,15.3687,0.09102,11.854,12.889,18.561,20.507
100.6,-0.3833,15.3979,0.09105,11.875,12.913,18.597,20.548
100.7,-0.3833,15.4271,0.09107,11.897,12.937,18.633,20.588
100.8,-0.3833,15.4564,0.0911,11.919,12.96,18.67,20.63
100.9,-0.3833,15.4858,0.09113,11.94,12.984,18.706,20.671
101,-0.3833,15.5154,0.09116,11.962,13.008,18.743,20.712
101.1,-0.3833,15.545,0.09119,11.984,13.033,18.78,20.754
101.2,-0.3833,15.5747,0.09122,12.006,13.057,18.817,20.796
101.3,-0.3833,15.6046,0.09125,12.028,13.081,18.855,20.838
101.4,-0.3833,15.6345,0.09128,12.05,13.105,18.892,20.88
101.5,-0.3833,15.6646,0.09131,12.072,13.13,18.93,20.922
101.6,-0.3833,15.6947,0.09133,12.095,13.155,18.967,20.964
101.7,-0.3833,15.725,0.09136,12.117,13.179,19.005,21.006
101.8,-0.3833,15.7553,0.09139,12.14,13.204,19.043,21.049
101.9,-0.3833,15.7858,0.09142,12.162,13.229,19.081,21.092
102,-0.3833,15.8164,0.09146,12.184,13.253,19.119,21.136
102.1,-0.3833,15.847,0.09149,12.207,13.278,19.157,21.179
102.2,-0.3833,15.8778,0.09152,12.23,13.303,19.196,21.222
102.3,-0.3833,15.9087,0.09155,12.253,13.329,19.235,21.265
102.4,-0.3833,15.9396,0.09158,12.275,13.354,19.273,21.309
102.5,-0.3833,15.9707,0.09161,12.298,13.379,19.312,21.352
102.6,-0.3833,16.0019,0.09164,12.321,13.404,19.351,21.396
102.7,-0.3833,16.0332,0.09167,12.344,13.43,19.39,21.44
102.8,-0.3833,16.0645,0.0917,12.367,13.455,19.429,21.484
102.9,-0.3833,16.096,0.09173,12.391,13.481,19.469,21.529
103,-0.3833,16.1276,0.09177,12.414,13.506,19.508,21.574
103.1,-0.3833,16.1593,0.0918,12.437,13.532,19.548,21.618
103.2,-0.3833,16.191,0.09183,12.46,13.558,19.588,21.663
103.3,-0.3833,16.2229,0.09186,12.484,13.584,19.628,21.708
103.4,-0.3833,16.2549,0.0919,12.507,13.61,19.668,21.754
103.5,-0.3833,16.287,0.09193,12.531,13.636,19.708,21.799
103.6,-0.3833,16.3191,0.09196,12.555,13.662,19.748,21.844
103.7,-0.3833,16.3514,0.09199,12.578,13.688,19.789,21.889
103.8,-0.3833,16.3837,0.09203,12.602,13.714,19.829,21.935
103.9,-0.3833,16.4162,0.09206,12.626,13.741,19.87,21.981
104,-0.3833,16.4488,0.09209,12.65,13.767,19.911,22.027
104.1,-0.3833,16.4814,0.09213,12.674,13.793,19.952,22.074
104.2,-0.3833,16.5142,0.09216,12.698,13.82,19.993,22.12
104.3,-0.3833,16.547,0.09219,12.722,13.847,20.034,22.166
104.4,-0.3833,16.58,0.09223,12.746,13.873,20.076,22.213
104.5,-0.3833,16.6131,0.09226,12.77,13.9,20.117,22.26
104.6,-0.3833,16.6462,0.09229,12.795,13.927,20.158,22.306
104.7,-0.3833,16.6795,0.09233,12.819,13.954,20.2,22.354
104.8,-0.3833,16.7129,0.09236,12.844,13.981,20.242,22.401
104.9,-0.3833,16.7464,0.0924,12.868,14.008,20.284,22.449
105,-0.3833,16.78,0.09243,12.893,14.035,20.326,22.496
105.1,-0.3833,16.8137,0.09247,12.917,14.063,20.369,22.544
105.2,-0.3833,16.8475,0.0925,12.942,14.09,20.411,22.592
105.3,-0.3833,16.8814,0.09254,12.967,14.117,20.454,22.641
105.4,-0.3833,16.9154,0.09257,12.992,14.145,20.497,22.688
105.5,-0.3833,16.9496,0.09261,13.017,14.173,20.54,22.737
105.6,-0.3833,16.9838,0.09264,13.042,14.2,20.583,22.786
105.7,-0.3833,17.0182,0.09268,13.067,14.228,20.626,22.835
105.8,-0.3833,17.0527,0.09271,13.092,14.256,20.669,22.883
105.9,-0.3833,17.0873,0.09275,13.117,14.284,20.713,22.933
106,-0.3833,17.122,0.09278,13.143,14.312,20.756,22.982
106.1,-0.3833,17.1569,0.09282,13.168,14.34,20.8,23.032
106.2,-0.3833,17.1918,0.09286,13.194,14.368,20.845,23.082
106.3,-0.3833,17.2269,0.09289,13.22,14.397,20.888,23.131
106.4,-0.3833,17.262,0.09293,13.245,14.425,20.933,23.181
106.5,-0.3833,17.2973,0.09296,13.271,14.454,20.977,23.231
106.6,-0.3833,17.3327,0.093,13.297,14.482,21.022,23.282
106.7,-0.3833,17.3683,0.09304,13.323,14.511,21.067,23.333
106.8,-0.3833,17.4039,0.09307,13.349,14.54,21.111,23.383
106.9,-0.3833,17.4397,0.09311,13.375,14.569,21.157,23.434
107,-0.3833,17.4755,0.09315,13.401,14.598,21.202,23.485
107.1,-0.3833,17.5115,0.09318,13.427,14.627,21.247,23.536
107.2,-0.3833,17.5476,0.09322,13.454,14.656,21.292,23.588
107.3,-0.3833,17.5839,0.09326,13.48,14.685,21.338,23.64
107.4,-0.3833,17.6202,0.09329,13.507,14.715,21.384,23.691
107.5,-0.3833,17.6567,0.09333,13.533,14.744,21.43,23.743
107.6,-0.3833,17.6932,0.09337,13.56,14.773,21.476,23.796
107.7,-0.3833,17.7299,0.09341,13.586,14.803,21.523,23.848
107.8,-0.3833,17.7668,0.09344,13.614,14.833,21.569,23.9
107.9,-0.3833,17.8037,0.09348,13.64,14.863,21.615,23.953
108,-0.3833,17.8407,0.09352,13.667,14.892,21.662,24.006
108.1,-0.3833,17.8779,0.09356,13.694,14.922,21.709,24.059
108.2,-0.3833,17.9152,0.09359,13.722,14.953,21.756,24.112
108.3,-0.3833,17.9526,0.09363,13.749,14.983,21.803,24.166
108.4,-0.3833,17.9901,0.09367,13.776,15.013,21.851,24.219
108.5,-0.3833,18.0277,0.09371,13.803,15.043,21.898,24.273
108.6,-0.3833,18.0654,0.09375,13.831,15.073,21.946,24.327
108.7,-0.3833,18.1033,0.09378,13.859,15.104,21.993,24.381
108.8,-0.3833,18.1412,0.09382,13.886,15.135,22.041,24.435
108.9,-0.3833,18.1792,0.09386,13.914,15.165,22.089,24.489
109,-0.3833,18.2174,0.0939,13.942,15.196,22.138,24.544
109.1,-0.3833,18.2556,0.09394,13.969,15.227,22.186,24.599
109.2,-0.3833,18.294,0.09397,13.998,15.258,22.234,24.653
109.3,-0.3833,18.3324,0.09401,14.025,15.289,22.283,24.708
109.4,-0.3833,18.371,0.09405,14.053,15.32,22.332,24.764
109.5,-0.3833,18.4096,0.09409,14.081,15.351,22.38,24.819
109.6,-0.3833,18.4484,0.09413,14.11,15.382,22.429,24.875
109.7,-0.3833,18.4872,0.09417,14.138,15.413,22.479,24.93
109.8,-0.3833,18.5262,0.09421,14.166,15.445,22.528,24.986
109.9,-0.3833,18.5652,0.09424,14.195,15.476,22.577,25.041
110,-0.3833,18.6043,0.09428,14.223,15.508,22.626,25.098
110.1,-0.3833,18.6436,0.09432,14.251,15.539,22.676,25.154
110.2,-0.3833,18.6829,0.09436,14.28,15.571,22.726,25.21
110.3,-0.3833,18.7223,0.0944,14.309,15.603,22.776,25.267
110.4,-0.3833,18.7618,0.09444,14.337,15.634,22.826,25.324
110.5,-0.3833,18.8015,0.09448,14.366,15.666,22.876,25.381
110.6,-0.3833,18.8412,0.09452,14.395,15.698,22.926,25.438
110.7,-0.3833,18.8809,0.09456,14.424,15.73,22.977,25.495
110.8,-0.3833,18.9208,0.0946,14.452,15.762,23.027,25.552
110.9,-0.3833,18.9608,0.09464,14.481,15.794,23.078,25.61
111,-0.3833,19.0009,0.09467,14.511,15.827,23.128,25.666
111.1,-0.3833,19.041,0.09471,14.54,15.859,23.179,25.724
111.2,-0.3833,19.0812,0.09475,14.569,15.891,23.23,25.782
111.3,-0.3833,19.1215,0.09479,14.598,15.924,23.281,25.84
111.4,-0.3833,19.1619,0.09483,14.627,15.956,23.332,25.898
111.5,-0.3833,19.2024,0.09487,14.657,15.989,23.383,25.956
111.6,-0.3833,19.243,0.09491,14.686,16.021,23.435,26.014
111.7,-0.3833,19.2836,0.09495,14.716,16.054,23.486,26.073
111.8,-0.3833,19.3243,0.09499,14.745,16.087,23.538,26.131
111.9,-0.3833,19.3651,0.09503,14.775,16.119,23.59,26.19
112,-0.3833,19.406,0.09507,14.804,16.152,23.642,26.249
112.1,-0.3833,19.447,0.09511,14.834,16.185,23.694,26.308
112.2,-0.3833,19.488,0.09515,14.864,16.218,23.746,26.367
112.3,-0.3833,19.5291,0.09519,14.893,16.251,23.798,26.426
112.4,-0.3833,19.5703,0.09523,14.923,16.284,23.85,26.485
112.5,-0.3833,19.6116,0.09527,14.953,16.317,23.902,26.545
112.6,-0.3833,19.6529,0.09531,14.983,16.35,23.955,26.604
112.7,-0.3833,19.6943,0.09534,15.013,16.384,24.007,26.663
112.8,-0.3833,19.7358,0.09538,15.043,16.417,24.059,26.723
112.9,-0.3833,19.7774,0.09542,15.073,16.451,24.112,26.783
113,-0.3833,19.819,0.09546,15.103,16.484,24.165,26.843
113.1,-0.3833,19.8607,0.0955,15.133,16.517,24.218,26.903
113.2,-0.3833,19.9024,0.09554,15.164,16.551,24.271,26.963
113.3,-0.3833,19.9442,0.09558,15.194,16.584,24.324,27.023
113.4,-0.3833,19.9861,0.09562,15.224,16.618,24.377,27.084
113.5,-0.3833,20.028,0.09566,15.254,16.652,24.43,27.144
113.6,-0.3833,20.07,0.0957,15.285,16.685,24.484,27.205
113.7,-0.3833,20.112,0.09574,15.315,16.719,24.537,27.265
113.8,-0.3833,20.1541,0.09578,15.345,16.753,24.591,27.326
113.9,-0.3833,20.1963,0.09582,15.376,16.786,24.644,27.387
114,-0.3833,20.2385,0.09586,15.406,16.82,24.698,27.448
114.1,-0.3833,20.2807,0.0959,15.437,16.854,24.751,27.509
114.2,-0.3833,20.323,0.09594,15.467,16.888,24.805,27.57
114.3,-0.3833,20.3653,0.09598,15.498,16.922,24.859,27.631
114.4,-0.3833,20.4077,0.09602,15.528,16.956,24.913,27.692
114.5,-0.3833,20.4502,0.09606,15.559,16.99,24.967,27.754
114.6,-0.3833,20.4926,0.0961,15.59,17.024,25.021,27.815
114.7,-0.3833,20.5351,0.09614,15.62,17.058,25.075,27.876
114.8,-0.3833,20.5777,0.09618,15.651,17.092,25.129,27.938
114.9,-0.3833,20.6203,0.09622,15.682,17.126,25.183,28
115,-0.3833,20.6629,0.09626,15.712,17.16,25.238,28.061
115.1,-0.3833,20.7056,0.0963,15.743,17.194,25.292,28.123
115.2,-0.3833,20.7483,0.09634,15.774,17.229,25.346,28.185
115.3,-0.3833,20.791,0.09638,15.805,17.263,25.401,28.247
115.4,-0.3833,20.8338,0.09642,15.836,17.297,25.455,28.309
115.5,-0.3833,20.8766,0.09646,15.866,17.331,25.51,28.371
115.6,-0.3833,20.9194,0.0965,15.897,17.365,25.564,28.433
115.7,-0.3833,20.9622,0.09654,15.928,17.4,25.619,28.495
115.8,-0.3833,21.0051,0.09658,15.959,17.434,25.673,28.557
115.9,-0.3833,21.048,0.09662,15.99,17.468,25.728,28.619
116,-0.3833,21.0909,0.09666,16.021,17.503,25.783,28.681
116.1,-0.3833,21.1339,0.0967,16.052,17.537,25.837,28.744
116.2,-0.3833,21.1769,0.09674,16.082,17.571,25.892,28.806
116.3,-0.3833,21.2199,0.09678,16.113,17.606,25.947,28.868
116.4,-0.3833,21.2629,0.09682,16.144,17.64,26.002,28.931
116.5,-0.3833,21.3059,0.09686,16.175,17.674,26.057,28.993
116.6,-0.3833,21.3489,0.09691,16.206,17.708,26.112,29.057
116.7,-0.3833,21.392,0.09695,16.237,17.743,26.167,29.119
116.8,-0.3833,21.4351,0.09699,16.268,17.777,26.222,29.182
116.9,-0.3833,21.4782,0.09703,16.298,17.812,26.277,29.244
117,-0.3833,21.5213,0.09707,16.329,17.846,26.332,29.307
117.1,-0.3833,21.5644,0.09711,16.36,17.881,26.387,29.37
117.2,-0.3833,21.6075,0.09715,16.391,17.915,26.442,29.432
117.3,-0.3833,21.6507,0.09719,16.422,17.949,26.497,29.495
117.4,-0.3833,21.6938,0.09723,16.453,17.984,26.552,29.558
117.5,-0.3833,21.737,0.09727,16.484,18.018,26.607,29.621
117.6,-0.3833,21.7802,0.09731,16.515,18.053,26.663,29.684
117.7,-0.3833,21.8233,0.09735,16.546,18.087,26.718,29.746
117.8,-0.3833,21.8665,0.09739,16.577,18.122,26.773,29.809
117.9,-0.3833,21.9097,0.09743,16.608,18.156,26.828,29.872
118,-0.3833,21.9529,0.09747,16.639,18.19,26.883,29.935
118.1,-0.3833,21.9961,0.09751,16.67,18.225,26.939,29.998
118.2,-0.3833,22.0393,0.09755,16.701,18.259,26.994,30.061
118.3,-0.3833,22.0825,0.09759,16.732,18.294,27.049,30.124
118.4,-0.3833,22.1258,0.09763,16.763,18.328,27.104,30.187
118.5,-0.3833,22.169,0.09767,16.794,18.363,27.16,30.25
118.6,-0.3833,22.2122,0.09771,16.825,18.397,27.215,30.313
118.7,-0.3833,22.2554,0.09775,16.855,18.432,27.27,30.376
118.8,-0.3833,22.2986,0.0978,16.886,18.466,27.326,30.44
118.9,-0.3833,22.3419,0.09784,16.917,18.5,27.382,30.504
119,-0.3833,22.3851,0.09788,16.948,18.534,27.437,30.567
119.1,-0.3833,22.4283,0.09792,16.979,18.569,27.492,30.63
119.2,-0.3833,22.4715,0.09796,17.01,18.603,27.548,30.693
119.3,-0.3833,22.5148,0.098,17.04,18.638,27.603,30.756
119.4,-0.3833,22.558,0.09804,17.071,18.672,27.658,30.82
119.5,-0.3833,22.6012,0.09808,17.102,18.706,27.714,30.883
119.6,-0.3833,22.6444,0.09812,17.133,18.741,27.769,30.946
119.7,-0.3833,22.6877,0.09816,17.164,18.775,27.825,31.009
119.8,-0.3833,22.7309,0.0982,17.195,18.81,27.88,31.073
119.9,-0.3833,22.7741,0.09824,17.226,18.844,27.935,31.136
120,-0.3833,22.8173,0.09828,17.256,18.878,27.991,31.199
